Flow,(mph),Temperature,DewPoint,Humidity,Wind,WindSpeed,WindGust,Pressure,Precip.,Condition
338,66,55,29,37,VAR,3,0,29.39,0,fair
360,65.5,55,29,37,VAR,3,0,29.39,0,fair
347,65.2,55,29,37,VAR,3,0,29.39,0,fair
337,65.4,55,29,37,VAR,3,0,29.39,0,fair
302,66.3,55,29,37,VAR,3,0,29.39,0,fair
282,65.3,55,29,37,VAR,3,0,29.39,0,fair
302,66.2,55,29,37,VAR,3,0,29.39,0,fair
277,66.2,55,29,37,VAR,3,0,29.39,0,fair
273,65.6,55,29,37,VAR,3,0,29.39,0,fair
290,66.2,55,29,37,VAR,3,0,29.39,0,fair
274,67,55,29,37,VAR,3,0,29.39,0,fair
265,66.3,55,29,37,VAR,3,0,29.39,0,fair
272,65.6,55,29,37,VAR,3,0,29.39,0,fair
283,65.8,55,29,37,VAR,3,0,29.39,0,fair
238,65.5,55,29,37,VAR,3,0,29.39,0,fair
237,66.9,55,29,37,VAR,3,0,29.39,0,fair
215,66.9,55,29,37,VAR,3,0,29.39,0,fair
224,67.1,55,29,37,VAR,3,0,29.39,0,fair
236,65.9,55,29,37,VAR,3,0,29.39,0,fair
219,66.2,55,29,37,VAR,3,0,29.39,0,fair
230,66,55,29,37,VAR,3,0,29.39,0,fair
247,65.3,55,29,37,VAR,3,0,29.39,0,fair
234,65.6,55,29,37,VAR,3,0,29.39,0,fair
226,66.5,55,29,37,VAR,3,0,29.39,0,fair
196,66,53,34,48,NNE,3,0,29.4,0,fair
197,66.4,53,34,48,NNE,3,0,29.4,0,fair
193,66.2,53,34,48,NNE,3,0,29.4,0,fair
233,65,53,34,48,NNE,3,0,29.4,0,fair
196,65.3,53,34,48,NNE,3,0,29.4,0,fair
193,65.4,53,34,48,NNE,3,0,29.4,0,fair
200,65.7,53,34,48,NNE,3,0,29.4,0,fair
206,65.3,53,34,48,NNE,3,0,29.4,0,fair
208,64.5,53,34,48,NNE,3,0,29.4,0,fair
188,65.7,53,34,48,NNE,3,0,29.4,0,fair
200,65.4,53,34,48,NNE,3,0,29.4,0,fair
196,65.7,53,34,48,NNE,3,0,29.4,0,fair
171,66,52,33,49,NNW,3,0,29.4,0,fair
176,66.2,52,33,49,NNW,3,0,29.4,0,fair
177,66,52,33,49,NNW,3,0,29.4,0,fair
184,65.9,52,33,49,NNW,3,0,29.4,0,fair
175,65.7,52,33,49,NNW,3,0,29.4,0,fair
171,66.2,52,33,49,NNW,3,0,29.4,0,fair
160,66,52,33,49,NNW,3,0,29.4,0,fair
162,66.1,52,33,49,NNW,3,0,29.4,0,fair
174,66,52,33,49,NNW,3,0,29.4,0,fair
164,66.3,52,33,49,NNW,3,0,29.4,0,fair
169,66.3,52,33,49,NNW,3,0,29.4,0,fair
165,65.8,52,33,49,NNW,3,0,29.4,0,fair
174,66.4,53,31,43,CALM,0,0,29.4,0,fair
162,66.2,53,31,43,CALM,0,0,29.4,0,fair
159,65.5,53,31,43,CALM,0,0,29.4,0,fair
165,65.6,53,31,43,CALM,0,0,29.4,0,fair
168,65.3,53,31,43,CALM,0,0,29.4,0,fair
172,66,53,31,43,CALM,0,0,29.4,0,fair
184,66.3,53,31,43,CALM,0,0,29.4,0,fair
179,66.3,53,31,43,CALM,0,0,29.4,0,fair
210,65.9,53,31,43,CALM,0,0,29.4,0,fair
199,65.6,53,31,43,CALM,0,0,29.4,0,fair
201,65.1,53,31,43,CALM,0,0,29.4,0,fair
193,66.3,53,31,43,CALM,0,0,29.4,0,fair
219,65.5,52,31,45,N,5,0,29.4,0,fair
211,65.8,52,31,45,N,5,0,29.4,0,fair
209,66.3,52,31,45,N,5,0,29.4,0,fair
210,66.2,52,31,45,N,5,0,29.4,0,fair
216,66.3,52,31,45,N,5,0,29.4,0,fair
249,66.3,52,31,45,N,5,0,29.4,0,fair
256,66.4,52,31,45,N,5,0,29.4,0,fair
280,66.5,52,31,45,N,5,0,29.4,0,fair
276,66.9,52,31,45,N,5,0,29.4,0,fair
269,67.3,52,31,45,N,5,0,29.4,0,fair
298,67.1,52,31,45,N,5,0,29.4,0,fair
294,67.2,52,31,45,N,5,0,29.4,0,fair
268,65.7,54,31,41,CALM,0,0,29.41,0,fair
292,65.2,54,31,41,CALM,0,0,29.41,0,fair
289,66,54,31,41,CALM,0,0,29.41,0,fair
334,65,54,31,41,CALM,0,0,29.41,0,fair
343,64,54,31,41,CALM,0,0,29.41,0,fair
377,63.7,54,31,41,CALM,0,0,29.41,0,fair
349,65.2,54,31,41,CALM,0,0,29.41,0,fair
368,65.2,54,31,41,CALM,0,0,29.41,0,fair
391,65.2,54,31,41,CALM,0,0,29.41,0,fair
375,65.9,54,31,41,CALM,0,0,29.41,0,fair
394,66.5,54,31,41,CALM,0,0,29.41,0,fair
397,66.9,54,31,41,CALM,0,0,29.41,0,fair
416,65.5,57,31,37,CALM,0,0,29.42,0,fair
425,63.8,57,31,37,CALM,0,0,29.42,0,fair
413,63.9,57,31,37,CALM,0,0,29.42,0,fair
438,64.9,57,31,37,CALM,0,0,29.42,0,fair
441,65.6,57,31,37,CALM,0,0,29.42,0,fair
449,65.4,57,31,37,CALM,0,0,29.42,0,fair
513,65.2,57,31,37,CALM,0,0,29.42,0,fair
534,64.4,57,31,37,CALM,0,0,29.42,0,fair
528,64.4,57,31,37,CALM,0,0,29.42,0,fair
565,65.5,57,31,37,CALM,0,0,29.42,0,fair
610,64.8,57,31,37,CALM,0,0,29.42,0,fair
597,64.2,57,31,37,CALM,0,0,29.42,0,fair
532,64.9,62,33,34,CALM,0,0,29.42,0,fair
545,63.6,62,33,34,CALM,0,0,29.42,0,fair
591,61.8,62,33,34,CALM,0,0,29.42,0,fair
565,62.3,62,33,34,CALM,0,0,29.42,0,fair
593,63.6,62,33,34,CALM,0,0,29.42,0,fair
611,64.5,62,33,34,CALM,0,0,29.42,0,fair
716,62.1,62,33,34,CALM,0,0,29.42,0,fair
665,62.6,62,33,34,CALM,0,0,29.42,0,fair
720,63,62,33,34,CALM,0,0,29.42,0,fair
678,63.4,62,33,34,CALM,0,0,29.42,0,fair
710,64,62,33,34,CALM,0,0,29.42,0,fair
672,64.1,62,33,34,CALM,0,0,29.42,0,fair
710,62.7,70,33,26,SE,3,0,29.41,0,fair
680,62.1,70,33,26,SE,3,0,29.41,0,fair
648,61.4,70,33,26,SE,3,0,29.41,0,fair
654,63,70,33,26,SE,3,0,29.41,0,fair
735,63.4,70,33,26,SE,3,0,29.41,0,fair
752,62.4,70,33,26,SE,3,0,29.41,0,fair
756,62.5,70,33,26,SE,3,0,29.41,0,fair
719,62.4,70,33,26,SE,3,0,29.41,0,fair
760,61.9,70,33,26,SE,3,0,29.41,0,fair
774,61,70,33,26,SE,3,0,29.41,0,fair
744,60.8,70,33,26,SE,3,0,29.41,0,fair
725,60.4,70,33,26,SE,3,0,29.41,0,fair
714,61.6,74,35,24,SE,3,0,29.4,0,fair
723,60.8,74,35,24,SE,3,0,29.4,0,fair
679,60.6,74,35,24,SE,3,0,29.4,0,fair
683,61,74,35,24,SE,3,0,29.4,0,fair
701,61.9,74,35,24,SE,3,0,29.4,0,fair
731,60.3,74,35,24,SE,3,0,29.4,0,fair
735,60,74,35,24,SE,3,0,29.4,0,fair
707,60.3,74,35,24,SE,3,0,29.4,0,fair
666,59.8,74,35,24,SE,3,0,29.4,0,fair
712,59,74,35,24,SE,3,0,29.4,0,fair
767,59,74,35,24,SE,3,0,29.4,0,fair
735,59.9,74,35,24,SE,3,0,29.4,0,fair
684,58.9,78,33,19,SSE,5,0,29.36,0,fair
685,58.9,78,33,19,SSE,5,0,29.36,0,fair
669,56.7,78,33,19,SSE,5,0,29.36,0,fair
636,57.8,78,33,19,SSE,5,0,29.36,0,fair
609,58.6,78,33,19,SSE,5,0,29.36,0,fair
590,54.7,78,33,19,SSE,5,0,29.36,0,fair
584,47.1,78,33,19,SSE,5,0,29.36,0,fair
636,48,78,33,19,SSE,5,0,29.36,0,fair
651,55,78,33,19,SSE,5,0,29.36,0,fair
646,57.9,78,33,19,SSE,5,0,29.36,0,fair
684,58.6,78,33,19,SSE,5,0,29.36,0,fair
671,60.5,78,33,19,SSE,5,0,29.36,0,fair
676,62,81,31,16,VAR,3,0,29.33,0,fair
723,60.2,81,31,16,VAR,3,0,29.33,0,fair
751,59.3,81,31,16,VAR,3,0,29.33,0,fair
775,58.4,81,31,16,VAR,3,0,29.33,0,fair
763,58.5,81,31,16,VAR,3,0,29.33,0,fair
784,58.4,81,31,16,VAR,3,0,29.33,0,fair
768,57.2,81,31,16,VAR,3,0,29.33,0,fair
766,54.1,81,31,16,VAR,3,0,29.33,0,fair
743,45.1,81,31,16,VAR,3,0,29.33,0,fair
673,38.7,81,31,16,VAR,3,0,29.33,0,fair
616,34.3,81,31,16,VAR,3,0,29.33,0,fair
659,35.6,81,31,16,VAR,3,0,29.33,0,fair
677,35.5,82,31,16,VAR,3,0,29.31,0,fair
661,37.3,82,31,16,VAR,3,0,29.31,0,fair
647,42.2,82,31,16,VAR,3,0,29.31,0,fair
647,39.6,82,31,16,VAR,3,0,29.31,0,fair
656,43.6,82,31,16,VAR,3,0,29.31,0,fair
674,53.4,82,31,16,VAR,3,0,29.31,0,fair
602,56.9,82,31,16,VAR,3,0,29.31,0,fair
702,58.2,82,31,16,VAR,3,0,29.31,0,fair
666,59.4,82,31,16,VAR,3,0,29.31,0,fair
706,60.3,82,31,16,VAR,3,0,29.31,0,fair
696,60.2,82,31,16,VAR,3,0,29.31,0,fair
659,59.8,82,31,16,VAR,3,0,29.31,0,fair
697,60.3,83,29,14,CALM,0,0,29.29,0,fair
731,59.1,83,29,14,CALM,0,0,29.29,0,fair
724,59.4,83,29,14,CALM,0,0,29.29,0,fair
715,58.2,83,29,14,CALM,0,0,29.29,0,fair
669,50.8,83,29,14,CALM,0,0,29.29,0,fair
697,47.8,83,29,14,CALM,0,0,29.29,0,fair
664,49.6,83,29,14,CALM,0,0,29.29,0,fair
631,42.3,83,29,14,CALM,0,0,29.29,0,fair
621,39.1,83,29,14,CALM,0,0,29.29,0,fair
627,44.3,83,29,14,CALM,0,0,29.29,0,fair
654,48.2,83,29,14,CALM,0,0,29.29,0,fair
636,48.4,83,29,14,CALM,0,0,29.29,0,fair
622,53.9,82,34,18,S,7,0,29.27,0,fair
674,57,82,34,18,S,7,0,29.27,0,fair
626,59.6,82,34,18,S,7,0,29.27,0,fair
672,60.5,82,34,18,S,7,0,29.27,0,fair
630,61.1,82,34,18,S,7,0,29.27,0,fair
640,60.9,82,34,18,S,7,0,29.27,0,fair
656,61.4,82,34,18,S,7,0,29.27,0,fair
629,62,82,34,18,S,7,0,29.27,0,fair
658,65.4,82,34,18,S,7,0,29.27,0,fair
621,61.9,82,34,18,S,7,0,29.27,0,fair
577,61.2,82,34,18,S,7,0,29.27,0,fair
614,61.6,82,34,18,S,7,0,29.27,0,fair
646,61.9,81,33,0.2,S,7,0,29.27,0,fair
655,61.9,81,33,0.2,S,7,0,29.27,0,fair
670,62.1,81,33,0.2,S,7,0,29.27,0,fair
665,61.2,81,33,0.2,S,7,0,29.27,0,fair
680,61.6,81,33,0.2,S,7,0,29.27,0,fair
657,61.4,81,33,0.2,S,7,0,29.27,0,fair
643,59.8,81,33,0.2,S,7,0,29.27,0,fair
703,60.1,81,33,0.2,S,7,0,29.27,0,fair
677,60.8,81,33,0.2,S,7,0,29.27,0,fair
667,60.7,81,33,0.2,S,7,0,29.27,0,fair
711,60.2,81,33,0.2,S,7,0,29.27,0,fair
659,60.4,81,33,0.2,S,7,0,29.27,0,fair
682,61.1,78,33,19,S,5,0,29.26,0,fair
659,61,78,33,19,S,5,0,29.26,0,fair
676,60.3,78,33,19,S,5,0,29.26,0,fair
657,60.3,78,33,19,S,5,0,29.26,0,fair
648,60.8,78,33,19,S,5,0,29.26,0,fair
681,59.5,78,33,19,S,5,0,29.26,0,fair
647,58.8,78,33,19,S,5,0,29.26,0,fair
699,57.7,78,33,19,S,5,0,29.26,0,fair
680,56.7,78,33,19,S,5,0,29.26,0,fair
661,55.8,78,33,19,S,5,0,29.26,0,fair
648,49.2,78,33,19,S,5,0,29.26,0,fair
634,48.5,78,33,19,S,5,0,29.26,0,fair
596,41,73,32,22,S,5,0,29.26,0,fair
601,38.9,73,32,22,S,5,0,29.26,0,fair
653,39.3,73,32,22,S,5,0,29.26,0,fair
656,44.6,73,32,22,S,5,0,29.26,0,fair
672,43.2,73,32,22,S,5,0,29.26,0,fair
636,45,73,32,22,S,5,0,29.26,0,fair
643,45.1,73,32,22,S,5,0,29.26,0,fair
650,38.8,73,32,22,S,5,0,29.26,0,fair
629,34.8,73,32,22,S,5,0,29.26,0,fair
678,34.4,73,32,22,S,5,0,29.26,0,fair
648,33.3,73,32,22,S,5,0,29.26,0,fair
655,33.1,73,32,22,S,5,0,29.26,0,fair
627,33,69,34,27,CALM,0,0,29.26,0,fair
654,33.9,69,34,27,CALM,0,0,29.26,0,fair
620,38.8,69,34,27,CALM,0,0,29.26,0,fair
588,49.8,69,34,27,CALM,0,0,29.26,0,fair
647,54.3,69,34,27,CALM,0,0,29.26,0,fair
568,58.2,69,34,27,CALM,0,0,29.26,0,fair
627,61.6,69,34,27,CALM,0,0,29.26,0,fair
615,62.3,69,34,27,CALM,0,0,29.26,0,fair
608,61,69,34,27,CALM,0,0,29.26,0,fair
656,62.2,69,34,27,CALM,0,0,29.26,0,fair
680,62.2,69,34,27,CALM,0,0,29.26,0,fair
682,62.8,69,34,27,CALM,0,0,29.26,0,fair
686,62.9,66,34,30,NNW,5,0,29.27,0,fair
688,62,66,34,30,NNW,5,0,29.27,0,fair
717,60.3,66,34,30,NNW,5,0,29.27,0,fair
703,59.9,66,34,30,NNW,5,0,29.27,0,fair
620,60.6,66,34,30,NNW,5,0,29.27,0,fair
692,61.3,66,34,30,NNW,5,0,29.27,0,fair
630,62.6,66,34,30,NNW,5,0,29.27,0,fair
586,63.5,66,34,30,NNW,5,0,29.27,0,fair
602,64.2,66,34,30,NNW,5,0,29.27,0,fair
556,64.3,66,34,30,NNW,5,0,29.27,0,fair
565,64.8,66,34,30,NNW,5,0,29.27,0,fair
542,65.3,66,34,30,NNW,5,0,29.27,0,fair
522,66.1,62,35,37,CALM,0,0,29.26,0,fair
527,65.2,62,35,37,CALM,0,0,29.26,0,fair
535,65.8,62,35,37,CALM,0,0,29.26,0,fair
566,64.9,62,35,37,CALM,0,0,29.26,0,fair
558,63.9,62,35,37,CALM,0,0,29.26,0,fair
562,65,62,35,37,CALM,0,0,29.26,0,fair
572,65.7,62,35,37,CALM,0,0,29.26,0,fair
610,65.6,62,35,37,CALM,0,0,29.26,0,fair
496,65.7,62,35,37,CALM,0,0,29.26,0,fair
590,65.5,62,35,37,CALM,0,0,29.26,0,fair
591,65.2,62,35,37,CALM,0,0,29.26,0,fair
547,65.3,62,35,37,CALM,0,0,29.26,0,fair
545,65.4,62,33,34,N,3,0,29.25,0,fair
593,64.4,62,33,34,N,3,0,29.25,0,fair
524,65.2,62,33,34,N,3,0,29.25,0,fair
553,66.1,62,33,34,N,3,0,29.25,0,fair
562,65.6,62,33,34,N,3,0,29.25,0,fair
581,66.5,62,33,34,N,3,0,29.25,0,fair
451,65.7,62,33,34,N,3,0,29.25,0,fair
517,66.6,62,33,34,N,3,0,29.25,0,fair
518,65.6,62,33,34,N,3,0,29.25,0,fair
535,66.5,62,33,34,N,3,0,29.25,0,fair
459,66.5,62,33,34,N,3,0,29.25,0,fair
470,67,62,33,34,N,3,0,29.25,0,fair
510,66.2,62,31,31,CALM,0,0,29.24,0,fair
465,66.2,62,31,31,CALM,0,0,29.24,0,fair
419,65.7,62,31,31,CALM,0,0,29.24,0,fair
431,66.2,62,31,31,CALM,0,0,29.24,0,fair
413,66,62,31,31,CALM,0,0,29.24,0,fair
426,65.8,62,31,31,CALM,0,0,29.24,0,fair
477,66,62,31,31,CALM,0,0,29.24,0,fair
452,65.8,62,31,31,CALM,0,0,29.24,0,fair
400,65.9,62,31,31,CALM,0,0,29.24,0,fair
387,66.4,62,31,31,CALM,0,0,29.24,0,fair
380,66.7,62,31,31,CALM,0,0,29.24,0,fair
358,66.9,62,31,31,CALM,0,0,29.24,0,fair
339,66,59,33,38,CALM,0,0,29.23,0,fair
348,66.3,59,33,38,CALM,0,0,29.23,0,fair
369,66.6,59,33,38,CALM,0,0,29.23,0,fair
327,66.2,59,33,38,CALM,0,0,29.23,0,fair
363,66.9,59,33,38,CALM,0,0,29.23,0,fair
316,66.4,59,33,38,CALM,0,0,29.23,0,fair
329,66.3,59,33,38,CALM,0,0,29.23,0,fair
304,66,59,33,38,CALM,0,0,29.23,0,fair
292,65.8,59,33,38,CALM,0,0,29.23,0,fair
323,66.3,59,33,38,CALM,0,0,29.23,0,fair
311,65.6,59,33,38,CALM,0,0,29.23,0,fair
267,66.5,59,33,38,CALM,0,0,29.23,0,fair
257,66.3,55,33,43,NNE,5,0,29.21,0,fair
266,66.5,55,33,43,NNE,5,0,29.21,0,fair
254,66.2,55,33,43,NNE,5,0,29.21,0,fair
288,66.2,55,33,43,NNE,5,0,29.21,0,fair
254,66.7,55,33,43,NNE,5,0,29.21,0,fair
248,65.5,55,33,43,NNE,5,0,29.21,0,fair
232,65.3,55,33,43,NNE,5,0,29.21,0,fair
229,65.7,55,33,43,NNE,5,0,29.21,0,fair
210,66,55,33,43,NNE,5,0,29.21,0,fair
217,65.9,55,33,43,NNE,5,0,29.21,0,fair
193,65.7,55,33,43,NNE,5,0,29.21,0,fair
185,66.2,55,33,43,NNE,5,0,29.21,0,fair
197,65.8,56,34,44,CALM,0,0,29.19,0,fair
202,66.1,56,34,44,CALM,0,0,29.19,0,fair
200,65.7,56,34,44,CALM,0,0,29.19,0,fair
262,66.9,56,34,44,CALM,0,0,29.19,0,fair
208,66.5,56,34,44,CALM,0,0,29.19,0,fair
234,65.8,56,34,44,CALM,0,0,29.19,0,fair
240,66.3,56,34,44,CALM,0,0,29.19,0,fair
187,66.1,56,34,44,CALM,0,0,29.19,0,fair
188,66.3,56,34,44,CALM,0,0,29.19,0,fair
207,66,56,34,44,CALM,0,0,29.19,0,fair
179,65.5,56,34,44,CALM,0,0,29.19,0,fair
177,66.5,56,34,44,CALM,0,0,29.19,0,fair
188,66.2,55,31,40,CALM,0,0,29.17,0,fair
178,66.6,55,31,40,CALM,0,0,29.17,0,fair
169,66.5,55,31,40,CALM,0,0,29.17,0,fair
180,66.3,55,31,40,CALM,0,0,29.17,0,fair
181,66,55,31,40,CALM,0,0,29.17,0,fair
183,66.2,55,31,40,CALM,0,0,29.17,0,fair
177,66.1,55,31,40,CALM,0,0,29.17,0,fair
167,66.2,55,31,40,CALM,0,0,29.17,0,fair
161,66.2,55,31,40,CALM,0,0,29.17,0,fair
161,66.4,55,31,40,CALM,0,0,29.17,0,fair
167,66.9,55,31,40,CALM,0,0,29.17,0,fair
143,66.4,55,31,40,CALM,0,0,29.17,0,fair
141,66.6,51,33,50,CALM,0,0,29.14,0,fair
160,66.7,51,33,50,CALM,0,0,29.14,0,fair
165,66.7,51,33,50,CALM,0,0,29.14,0,fair
155,66.4,51,33,50,CALM,0,0,29.14,0,fair
164,66.4,51,33,50,CALM,0,0,29.14,0,fair
152,66,51,33,50,CALM,0,0,29.14,0,fair
155,66,51,33,50,CALM,0,0,29.14,0,fair
178,66.5,51,33,50,CALM,0,0,29.14,0,fair
159,66.5,51,33,50,CALM,0,0,29.14,0,fair
164,66.1,51,33,50,CALM,0,0,29.14,0,fair
165,66.7,51,33,50,CALM,0,0,29.14,0,fair
162,66.4,51,33,50,CALM,0,0,29.14,0,fair
158,66.3,50,33,52,CALM,0,0,29.15,0,fair
174,66.4,50,33,52,CALM,0,0,29.15,0,fair
173,66.5,50,33,52,CALM,0,0,29.15,0,fair
200,65.8,50,33,52,CALM,0,0,29.15,0,fair
176,66.1,50,33,52,CALM,0,0,29.15,0,fair
187,66,50,33,52,CALM,0,0,29.15,0,fair
175,66,50,33,52,CALM,0,0,29.15,0,fair
209,65.3,50,33,52,CALM,0,0,29.15,0,fair
212,65.8,50,33,52,CALM,0,0,29.15,0,fair
231,65.9,50,33,52,CALM,0,0,29.15,0,fair
242,65.5,50,33,52,CALM,0,0,29.15,0,fair
225,65.3,50,33,52,CALM,0,0,29.15,0,fair
213,65.8,50,33,52,CALM,0,0,29.15,0,fair
221,66.1,50,33,52,CALM,0,0,29.15,0,fair
235,65.6,50,33,52,CALM,0,0,29.15,0,fair
257,66,50,33,52,CALM,0,0,29.15,0,fair
249,65.9,50,33,52,CALM,0,0,29.15,0,fair
259,65.3,50,33,52,CALM,0,0,29.15,0,fair
266,65.5,50,33,52,CALM,0,0,29.15,0,fair
247,66,50,33,52,CALM,0,0,29.15,0,fair
257,65.7,50,33,52,CALM,0,0,29.15,0,fair
290,66.3,50,33,52,CALM,0,0,29.15,0,fair
281,66.5,50,33,52,CALM,0,0,29.15,0,fair
272,66.7,50,33,52,CALM,0,0,29.15,0,fair
289,66.2,54,34,47,CALM,0,0,29.15,0,fair
276,65.9,54,34,47,CALM,0,0,29.15,0,fair
268,64.9,54,34,47,CALM,0,0,29.15,0,fair
315,64.9,54,34,47,CALM,0,0,29.15,0,fair
307,64.4,54,34,47,CALM,0,0,29.15,0,fair
315,65.1,54,34,47,CALM,0,0,29.15,0,fair
320,65.6,54,34,47,CALM,0,0,29.15,0,fair
348,65.5,54,34,47,CALM,0,0,29.15,0,fair
333,66.1,54,34,47,CALM,0,0,29.15,0,fair
348,66.1,54,34,47,CALM,0,0,29.15,0,fair
384,66.6,54,34,47,CALM,0,0,29.15,0,fair
354,66.3,54,34,47,CALM,0,0,29.15,0,fair
376,65.6,59,33,38,CALM,0,0,29.15,0,fair
371,65.4,59,33,38,CALM,0,0,29.15,0,fair
352,65.5,59,33,38,CALM,0,0,29.15,0,fair
324,65.4,59,33,38,CALM,0,0,29.15,0,fair
377,65,59,33,38,CALM,0,0,29.15,0,fair
412,65,59,33,38,CALM,0,0,29.15,0,fair
459,65.7,59,33,38,CALM,0,0,29.15,0,fair
492,65.8,59,33,38,CALM,0,0,29.15,0,fair
488,66.3,59,33,38,CALM,0,0,29.15,0,fair
545,65.3,59,33,38,CALM,0,0,29.15,0,fair
446,65.2,59,33,38,CALM,0,0,29.15,0,fair
492,65,59,33,38,CALM,0,0,29.15,0,fair
465,64.5,64,32,30,SE,8,0,29.15,0,fair
466,64.6,64,32,30,SE,8,0,29.15,0,fair
516,64.6,64,32,30,SE,8,0,29.15,0,fair
514,64.8,64,32,30,SE,8,0,29.15,0,fair
551,64.9,64,32,30,SE,8,0,29.15,0,fair
553,64.5,64,32,30,SE,8,0,29.15,0,fair
516,63.7,64,32,30,SE,8,0,29.15,0,fair
587,63.5,64,32,30,SE,8,0,29.15,0,fair
597,63.9,64,32,30,SE,8,0,29.15,0,fair
627,63.1,64,32,30,SE,8,0,29.15,0,fair
662,63.4,64,32,30,SE,8,0,29.15,0,fair
571,63.6,64,32,30,SE,8,0,29.15,0,fair
639,64.4,67,36,32,ESE,13,0,29.14,0,fair
553,63.1,67,36,32,ESE,13,0,29.14,0,fair
610,62.4,67,36,32,ESE,13,0,29.14,0,fair
614,64,67,36,32,ESE,13,0,29.14,0,fair
574,63.6,67,36,32,ESE,13,0,29.14,0,fair
650,63.6,67,36,32,ESE,13,0,29.14,0,fair
658,63,67,36,32,ESE,13,0,29.14,0,fair
682,62.2,67,36,32,ESE,13,0,29.14,0,fair
653,62,67,36,32,ESE,13,0,29.14,0,fair
668,63.3,67,36,32,ESE,13,0,29.14,0,fair
672,63.4,67,36,32,ESE,13,0,29.14,0,fair
611,62.6,67,36,32,ESE,13,0,29.14,0,fair
667,62.5,69,39,33,SE,16,0,29.11,0,fair
682,62.4,69,39,33,SE,16,0,29.11,0,fair
645,62.9,69,39,33,SE,16,0,29.11,0,fair
662,61.9,69,39,33,SE,16,0,29.11,0,fair
689,61.4,69,39,33,SE,16,0,29.11,0,fair
692,62.3,69,39,33,SE,16,0,29.11,0,fair
689,62.5,69,39,33,SE,16,0,29.11,0,fair
673,62.4,69,39,33,SE,16,0,29.11,0,fair
634,62.5,69,39,33,SE,16,0,29.11,0,fair
664,61.4,69,39,33,SE,16,0,29.11,0,fair
695,62.5,69,39,33,SE,16,0,29.11,0,fair
747,62.3,69,39,33,SE,16,0,29.11,0,fair
696,62.4,69,42,38,SE,12,0,29.08,0,fair
676,62.6,69,42,38,SE,12,0,29.08,0,fair
682,62.6,69,42,38,SE,12,0,29.08,0,fair
677,62.9,69,42,38,SE,12,0,29.08,0,fair
693,62.1,69,42,38,SE,12,0,29.08,0,fair
714,62,69,42,38,SE,12,0,29.08,0,fair
712,60.9,69,42,38,SE,12,0,29.08,0,fair
645,62.8,69,42,38,SE,12,0,29.08,0,fair
682,63.2,69,42,38,SE,12,0,29.08,0,fair
702,62,69,42,38,SE,12,0,29.08,0,fair
670,62.2,69,42,38,SE,12,0,29.08,0,fair
671,61.8,69,42,38,SE,12,0,29.08,0,fair
727,61.7,68,49,50,SE,12,17,29.04,0,PartlyCloudy
666,61.6,68,49,50,SE,12,17,29.04,0,PartlyCloudy
708,61.7,68,49,50,SE,12,17,29.04,0,PartlyCloudy
722,61.7,68,49,50,SE,12,17,29.04,0,PartlyCloudy
671,61.7,68,49,50,SE,12,17,29.04,0,PartlyCloudy
660,61,68,49,50,SE,12,17,29.04,0,PartlyCloudy
678,61.8,68,49,50,SE,12,17,29.04,0,PartlyCloudy
712,61.5,68,49,50,SE,12,17,29.04,0,PartlyCloudy
705,61.5,68,49,50,SE,12,17,29.04,0,PartlyCloudy
691,62,68,49,50,SE,12,17,29.04,0,PartlyCloudy
702,61.4,68,49,50,SE,12,17,29.04,0,PartlyCloudy
682,61.9,68,49,50,SE,12,17,29.04,0,PartlyCloudy
672,61.9,66,50,56,SSE,9,0,29.03,0,PartlyCloudy
740,61.2,66,50,56,SSE,9,0,29.03,0,PartlyCloudy
721,60.5,66,50,56,SSE,9,0,29.03,0,PartlyCloudy
710,60.7,66,50,56,SSE,9,0,29.03,0,PartlyCloudy
669,61,66,50,56,SSE,9,0,29.03,0,PartlyCloudy
647,60.8,66,50,56,SSE,9,0,29.03,0,PartlyCloudy
697,60.2,66,50,56,SSE,9,0,29.03,0,PartlyCloudy
678,59.3,66,50,56,SSE,9,0,29.03,0,PartlyCloudy
752,60,66,50,56,SSE,9,0,29.03,0,PartlyCloudy
677,60,66,50,56,SSE,9,0,29.03,0,PartlyCloudy
691,59.8,66,50,56,SSE,9,0,29.03,0,PartlyCloudy
668,59.9,66,50,56,SSE,9,0,29.03,0,PartlyCloudy
652,59.5,63,51,65,S,9,0,29.01,0,PartlyCloudy
684,59.8,63,51,65,S,9,0,29.01,0,PartlyCloudy
714,59.1,63,51,65,S,9,0,29.01,0,PartlyCloudy
696,59.4,63,51,65,S,9,0,29.01,0,PartlyCloudy
684,59.4,63,51,65,S,9,0,29.01,0,PartlyCloudy
699,59.5,63,51,65,S,9,0,29.01,0,PartlyCloudy
744,59.6,63,51,65,S,9,0,29.01,0,PartlyCloudy
682,60.6,63,51,65,S,9,0,29.01,0,PartlyCloudy
714,60.2,63,51,65,S,9,0,29.01,0,PartlyCloudy
601,60.3,63,51,65,S,9,0,29.01,0,PartlyCloudy
583,62.1,63,51,65,S,9,0,29.01,0,PartlyCloudy
566,63,63,51,65,S,9,0,29.01,0,PartlyCloudy
560,64.6,61,51,0.67,S,9,0,29.01,0,PartlyCloudy
551,64.9,61,51,0.67,S,9,0,29.01,0,PartlyCloudy
572,64.1,61,51,0.67,S,9,0,29.01,0,PartlyCloudy
560,64.5,61,51,0.67,S,9,0,29.01,0,PartlyCloudy
546,64.2,61,51,0.67,S,9,0,29.01,0,PartlyCloudy
539,64.1,61,51,0.67,S,9,0,29.01,0,PartlyCloudy
559,64.9,61,51,0.67,S,9,0,29.01,0,PartlyCloudy
569,64.8,61,51,0.67,S,9,0,29.01,0,PartlyCloudy
525,65.8,61,51,0.67,S,9,0,29.01,0,PartlyCloudy
531,65.2,61,51,0.67,S,9,0,29.01,0,PartlyCloudy
555,64,61,51,0.67,S,9,0,29.01,0,PartlyCloudy
565,64.2,61,51,0.67,S,9,0,29.01,0,PartlyCloudy
492,64.2,60,51,72,S,9,0,28.99,0,PartlyCloudy
534,64.7,60,51,72,S,9,0,28.99,0,PartlyCloudy
473,65.2,60,51,72,S,9,0,28.99,0,PartlyCloudy
522,65,60,51,72,S,9,0,28.99,0,PartlyCloudy
526,64.8,60,51,72,S,9,0,28.99,0,PartlyCloudy
493,62.5,60,51,72,S,9,0,28.99,0,PartlyCloudy
507,62.4,60,51,72,S,9,0,28.99,0,PartlyCloudy
538,62.5,60,51,72,S,9,0,28.99,0,PartlyCloudy
527,62.6,60,51,72,S,9,0,28.99,0,PartlyCloudy
566,62.7,60,51,72,S,9,0,28.99,0,PartlyCloudy
543,62.8,60,51,72,S,9,0,28.99,0,PartlyCloudy
569,62.6,60,51,72,S,9,0,28.99,0,PartlyCloudy
539,63,56,51,84,S,9,0,29.01,0,MostlyCloudy
480,62.6,56,51,84,S,9,0,29.01,0,MostlyCloudy
546,62.3,56,51,84,S,9,0,29.01,0,MostlyCloudy
536,62.2,56,51,84,S,9,0,29.01,0,MostlyCloudy
513,62.3,56,51,84,S,9,0,29.01,0,MostlyCloudy
534,62.5,56,51,84,S,9,0,29.01,0,MostlyCloudy
542,62.4,56,51,84,S,9,0,29.01,0,MostlyCloudy
565,60.8,56,51,84,S,9,0,29.01,0,MostlyCloudy
516,63.2,56,51,84,S,9,0,29.01,0,MostlyCloudy
519,63.6,56,51,84,S,9,0,29.01,0,MostlyCloudy
559,62.2,56,51,84,S,9,0,29.01,0,MostlyCloudy
468,63.2,56,51,84,S,9,0,29.01,0,MostlyCloudy
496,62.8,56,49,77,S,6,0,29.02,0,Cloudy
445,63.7,56,49,77,S,6,0,29.02,0,Cloudy
479,64,56,49,77,S,6,0,29.02,0,Cloudy
522,63,56,49,77,S,6,0,29.02,0,Cloudy
602,63.2,56,49,77,S,6,0,29.02,0,Cloudy
646,62.6,56,49,77,S,6,0,29.02,0,Cloudy
777,59.2,56,49,77,S,6,0,29.02,0,Cloudy
754,58.5,56,49,77,S,6,0,29.02,0,Cloudy
792,57.4,56,49,77,S,6,0,29.02,0,Cloudy
731,57.6,56,49,77,S,6,0,29.02,0,Cloudy
683,58.2,56,49,77,S,6,0,29.02,0,Cloudy
657,56.1,56,49,77,S,6,0,29.02,0,Cloudy
677,50.7,56,49,77,SSE,3,0,29.02,0,MostlyCloudy
659,52.8,56,49,77,SSE,3,0,29.02,0,MostlyCloudy
629,54.3,56,49,77,SSE,3,0,29.02,0,MostlyCloudy
652,54.4,56,49,77,SSE,3,0,29.02,0,MostlyCloudy
581,55.6,56,49,77,SSE,3,0,29.02,0,MostlyCloudy
621,56.6,56,49,77,SSE,3,0,29.02,0,MostlyCloudy
644,58.5,56,49,77,SSE,3,0,29.02,0,MostlyCloudy
591,59.1,56,49,77,SSE,3,0,29.02,0,MostlyCloudy
623,58.8,56,49,77,SSE,3,0,29.02,0,MostlyCloudy
623,58.1,56,49,77,SSE,3,0,29.02,0,MostlyCloudy
656,58.5,56,49,77,SSE,3,0,29.02,0,MostlyCloudy
679,59,56,49,77,SSE,3,0,29.02,0,MostlyCloudy
669,59.5,55,48,77,VAR,3,0,29,0,fair
715,60.4,55,48,77,VAR,3,0,29,0,fair
632,62.2,55,48,77,VAR,3,0,29,0,fair
548,63.9,55,48,77,VAR,3,0,29,0,fair
561,64.7,55,48,77,VAR,3,0,29,0,fair
534,64.9,55,48,77,VAR,3,0,29,0,fair
491,65,55,48,77,VAR,3,0,29,0,fair
502,65.9,55,48,77,VAR,3,0,29,0,fair
415,66.8,55,48,77,VAR,3,0,29,0,fair
452,66.6,55,48,77,VAR,3,0,29,0,fair
430,65.9,55,48,77,VAR,3,0,29,0,fair
442,65.6,55,48,77,VAR,3,0,29,0,fair
399,65.9,56,29,36,NNW,9,0,29.01,0,fair
399,65.5,56,29,36,NNW,9,0,29.01,0,fair
404,64.6,56,29,36,NNW,9,0,29.01,0,fair
406,65.3,56,29,36,NNW,9,0,29.01,0,fair
422,66.4,56,29,36,NNW,9,0,29.01,0,fair
395,66,56,29,36,NNW,9,0,29.01,0,fair
417,66,56,29,36,NNW,9,0,29.01,0,fair
371,66.8,56,29,36,NNW,9,0,29.01,0,fair
340,66.8,56,29,36,NNW,9,0,29.01,0,fair
333,67.3,56,29,36,NNW,9,0,29.01,0,fair
320,66.2,56,29,36,NNW,9,0,29.01,0,fair
295,66.4,56,29,36,NNW,9,0,29.01,0,fair
322,66.2,53,16,23,NNW,16,0,29.02,0,fair
312,66.8,53,16,23,NNW,16,0,29.02,0,fair
266,67,53,16,23,NNW,16,0,29.02,0,fair
317,65.8,53,16,23,NNW,16,0,29.02,0,fair
282,66.5,53,16,23,NNW,16,0,29.02,0,fair
279,66.8,53,16,23,NNW,16,0,29.02,0,fair
266,66.7,53,16,23,NNW,16,0,29.02,0,fair
278,66.2,53,16,23,NNW,16,0,29.02,0,fair
241,66,53,16,23,NNW,16,0,29.02,0,fair
241,66,53,16,23,NNW,16,0,29.02,0,fair
260,65.9,53,16,23,NNW,16,0,29.02,0,fair
243,66.5,53,16,23,NNW,16,0,29.02,0,fair
234,66.5,52,15,23,NNW,15,22,29.02,0,MostlyCloudy
216,66.5,52,15,23,NNW,15,22,29.02,0,MostlyCloudy
217,65.9,52,15,23,NNW,15,22,29.02,0,MostlyCloudy
214,66,52,15,23,NNW,15,22,29.02,0,MostlyCloudy
215,66.2,52,15,23,NNW,15,22,29.02,0,MostlyCloudy
230,66.6,52,15,23,NNW,15,22,29.02,0,MostlyCloudy
217,66.6,52,15,23,NNW,15,22,29.02,0,MostlyCloudy
204,66.8,52,15,23,NNW,15,22,29.02,0,MostlyCloudy
200,65.5,52,15,23,NNW,15,22,29.02,0,MostlyCloudy
205,65.4,52,15,23,NNW,15,22,29.02,0,MostlyCloudy
189,66,52,15,23,NNW,15,22,29.02,0,MostlyCloudy
180,65.9,52,15,23,NNW,15,22,29.02,0,MostlyCloudy
201,65.8,50,18,28,N,21,29,29.02,0,fair/Windy
164,66.2,50,18,28,N,21,29,29.02,0,fair/Windy
177,65.4,50,18,28,N,21,29,29.02,0,fair/Windy
181,65,50,18,28,N,21,29,29.02,0,fair/Windy
170,65.9,50,18,28,N,21,29,29.02,0,fair/Windy
156,66.3,50,18,28,N,21,29,29.02,0,fair/Windy
164,66.5,50,18,28,N,21,29,29.02,0,fair/Windy
149,66.4,50,18,28,N,21,29,29.02,0,fair/Windy
152,66.4,50,18,28,N,21,29,29.02,0,fair/Windy
140,66.4,50,18,28,N,21,29,29.02,0,fair/Windy
160,65.9,50,18,28,N,21,29,29.02,0,fair/Windy
167,66,50,18,28,N,21,29,29.02,0,fair/Windy
158,66.7,49,19,31,NNW,18,31,29.02,0,fair
142,66,49,19,31,NNW,18,31,29.02,0,fair
154,66.2,49,19,31,NNW,18,31,29.02,0,fair
153,66.4,49,19,31,NNW,18,31,29.02,0,fair
148,65.9,49,19,31,NNW,18,31,29.02,0,fair
163,65.6,49,19,31,NNW,18,31,29.02,0,fair
140,65.7,49,19,31,NNW,18,31,29.02,0,fair
157,65.6,49,19,31,NNW,18,31,29.02,0,fair
150,65.4,49,19,31,NNW,18,31,29.02,0,fair
153,65.2,49,19,31,NNW,18,31,29.02,0,fair
154,65.5,49,19,31,NNW,18,31,29.02,0,fair
154,65.7,49,19,31,NNW,18,31,29.02,0,fair
148,65.9,49,19,31,N,23,38,29.01,0,fair/Windy
129,66,49,19,31,N,23,38,29.01,0,fair/Windy
137,66.6,49,19,31,N,23,38,29.01,0,fair/Windy
145,66.1,49,19,31,N,23,38,29.01,0,fair/Windy
163,65.9,49,19,31,N,23,38,29.01,0,fair/Windy
144,65.8,49,19,31,N,23,38,29.01,0,fair/Windy
161,65.8,49,19,31,N,23,38,29.01,0,fair/Windy
166,65.3,49,19,31,N,23,38,29.01,0,fair/Windy
164,65.8,49,19,31,N,23,38,29.01,0,fair/Windy
159,65.7,49,19,31,N,23,38,29.01,0,fair/Windy
177,65,49,19,31,N,23,38,29.01,0,fair/Windy
175,65.4,49,19,31,N,23,38,29.01,0,fair/Windy
177,65.8,48,17,29,N,18,26,29.03,0,fair
174,65.6,48,17,29,N,18,26,29.03,0,fair
174,66.1,48,17,29,N,18,26,29.03,0,fair
205,66.1,48,17,29,N,18,26,29.03,0,fair
193,65.8,48,17,29,N,18,26,29.03,0,fair
205,65.9,48,17,29,N,18,26,29.03,0,fair
214,65.3,48,17,29,N,18,26,29.03,0,fair
225,66,48,17,29,N,18,26,29.03,0,fair
255,65.7,48,17,29,N,18,26,29.03,0,fair
243,66.4,48,17,29,N,18,26,29.03,0,fair
267,66.4,48,17,29,N,18,26,29.03,0,fair
304,67,48,17,29,N,18,26,29.03,0,fair
273,66.5,47,18,32,N,24,30,29.04,0,fair/Windy
311,65,47,18,32,N,24,30,29.04,0,fair/Windy
315,66,47,18,32,N,24,30,29.04,0,fair/Windy
400,66.7,47,18,32,N,24,30,29.04,0,fair/Windy
408,65.8,47,18,32,N,24,30,29.04,0,fair/Windy
434,65.7,47,18,32,N,24,30,29.04,0,fair/Windy
457,65.8,47,18,32,N,24,30,29.04,0,fair/Windy
538,65.8,47,18,32,N,24,30,29.04,0,fair/Windy
556,66.2,47,18,32,N,24,30,29.04,0,fair/Windy
587,65.9,47,18,32,N,24,30,29.04,0,fair/Windy
650,66.5,47,18,32,N,24,30,29.04,0,fair/Windy
609,66.8,47,18,32,N,24,30,29.04,0,fair/Windy
641,64.7,44,22,42,NW,12,0,29.09,0,fair
627,64.5,44,22,42,NW,12,0,29.09,0,fair
672,65.5,44,22,42,NW,12,0,29.09,0,fair
679,65.5,44,22,42,NW,12,0,29.09,0,fair
677,65.4,44,22,42,NW,12,0,29.09,0,fair
654,65.2,44,22,42,NW,12,0,29.09,0,fair
674,65,44,22,42,NW,12,0,29.09,0,fair
655,63,44,22,42,NW,12,0,29.09,0,fair
634,62.5,44,22,42,NW,12,0,29.09,0,fair
634,62.2,44,22,42,NW,12,0,29.09,0,fair
631,62.7,44,22,42,NW,12,0,29.09,0,fair
629,63.9,44,22,42,NW,12,0,29.09,0,fair
617,63.2,45,21,39,NNW,12,0,29.09,0,MostlyCloudy
599,62.8,45,21,39,NNW,12,0,29.09,0,MostlyCloudy
634,61.7,45,21,39,NNW,12,0,29.09,0,MostlyCloudy
608,61.5,45,21,39,NNW,12,0,29.09,0,MostlyCloudy
601,61.4,45,21,39,NNW,12,0,29.09,0,MostlyCloudy
615,62,45,21,39,NNW,12,0,29.09,0,MostlyCloudy
629,61.9,45,21,39,NNW,12,0,29.09,0,MostlyCloudy
642,63.1,45,21,39,NNW,12,0,29.09,0,MostlyCloudy
673,63.1,45,21,39,NNW,12,0,29.09,0,MostlyCloudy
654,61.8,45,21,39,NNW,12,0,29.09,0,MostlyCloudy
614,61.6,45,21,39,NNW,12,0,29.09,0,MostlyCloudy
703,61.7,45,21,39,NNW,12,0,29.09,0,MostlyCloudy
636,60.7,48,17,29,N,20,30,29.1,0,Cloudy
623,60.6,48,17,29,N,20,30,29.1,0,Cloudy
646,60,48,17,29,N,20,30,29.1,0,Cloudy
671,60,48,17,29,N,20,30,29.1,0,Cloudy
597,59.7,48,17,29,N,20,30,29.1,0,Cloudy
609,58,48,17,29,N,20,30,29.1,0,Cloudy
603,59.8,48,17,29,N,20,30,29.1,0,Cloudy
602,58.6,48,17,29,N,20,30,29.1,0,Cloudy
588,58.9,48,17,29,N,20,30,29.1,0,Cloudy
589,59.9,48,17,29,N,20,30,29.1,0,Cloudy
560,59.9,48,17,29,N,20,30,29.1,0,Cloudy
588,60.3,48,17,29,N,20,30,29.1,0,Cloudy
597,61.3,50,13,23,N,21,31,29.11,0,PartlyCloudy/Windy
581,61.5,50,13,23,N,21,31,29.11,0,PartlyCloudy/Windy
638,61.4,50,13,23,N,21,31,29.11,0,PartlyCloudy/Windy
609,61.5,50,13,23,N,21,31,29.11,0,PartlyCloudy/Windy
620,60.8,50,13,23,N,21,31,29.11,0,PartlyCloudy/Windy
628,61,50,13,23,N,21,31,29.11,0,PartlyCloudy/Windy
649,60.8,50,13,23,N,21,31,29.11,0,PartlyCloudy/Windy
681,60.9,50,13,23,N,21,31,29.11,0,PartlyCloudy/Windy
633,61.3,50,13,23,N,21,31,29.11,0,PartlyCloudy/Windy
524,62.3,50,13,23,N,21,31,29.11,0,PartlyCloudy/Windy
550,61.1,50,13,23,N,21,31,29.11,0,PartlyCloudy/Windy
502,50,50,13,23,N,21,31,29.11,0,PartlyCloudy/Windy
521,36.9,53,9,17,N,22,32,29.1,0,fair/Windy
657,37.4,53,9,17,N,22,32,29.1,0,fair/Windy
590,50.1,53,9,17,N,22,32,29.1,0,fair/Windy
512,56.1,53,9,17,N,22,32,29.1,0,fair/Windy
591,59.5,53,9,17,N,22,32,29.1,0,fair/Windy
520,63.5,53,9,17,N,22,32,29.1,0,fair/Windy
608,62.8,53,9,17,N,22,32,29.1,0,fair/Windy
661,63.5,53,9,17,N,22,32,29.1,0,fair/Windy
589,63,53,9,17,N,22,32,29.1,0,fair/Windy
662,62.5,53,9,17,N,22,32,29.1,0,fair/Windy
622,62.5,53,9,17,N,22,32,29.1,0,fair/Windy
616,62.1,53,9,17,N,22,32,29.1,0,fair/Windy
599,61.1,55,8,15,N,21,35,29.08,0,fair/Windy
640,61.1,55,8,15,N,21,35,29.08,0,fair/Windy
630,61.7,55,8,15,N,21,35,29.08,0,fair/Windy
634,61.1,55,8,15,N,21,35,29.08,0,fair/Windy
608,60.7,55,8,15,N,21,35,29.08,0,fair/Windy
620,61.8,55,8,15,N,21,35,29.08,0,fair/Windy
617,62.5,55,8,15,N,21,35,29.08,0,fair/Windy
667,62.6,55,8,15,N,21,35,29.08,0,fair/Windy
642,61.6,55,8,15,N,21,35,29.08,0,fair/Windy
614,61.7,55,8,15,N,21,35,29.08,0,fair/Windy
626,61.6,55,8,15,N,21,35,29.08,0,fair/Windy
592,62.8,55,8,15,N,21,35,29.08,0,fair/Windy
628,61.9,56,7,14,N,17,31,29.06,0,PartlyCloudy
536,61,56,7,14,N,17,31,29.06,0,PartlyCloudy
528,61.5,56,7,14,N,17,31,29.06,0,PartlyCloudy
712,59.6,56,7,14,N,17,31,29.06,0,PartlyCloudy
771,56.9,56,7,14,N,17,31,29.06,0,PartlyCloudy
763,57.3,56,7,14,N,17,31,29.06,0,PartlyCloudy
782,57.7,56,7,14,N,17,31,29.06,0,PartlyCloudy
759,57.7,56,7,14,N,17,31,29.06,0,PartlyCloudy
691,56.6,56,7,14,N,17,31,29.06,0,PartlyCloudy
668,56.9,56,7,14,N,17,31,29.06,0,PartlyCloudy
724,56.4,56,7,14,N,17,31,29.06,0,PartlyCloudy
668,58,56,7,14,N,17,31,29.06,0,PartlyCloudy
677,58.1,57,5,12,N,15,31,29.04,0,PartlyCloudy
639,59.1,57,5,12,N,15,31,29.04,0,PartlyCloudy
666,59.8,57,5,12,N,15,31,29.04,0,PartlyCloudy
570,61.1,57,5,12,N,15,31,29.04,0,PartlyCloudy
647,61.9,57,5,12,N,15,31,29.04,0,PartlyCloudy
680,61.7,57,5,12,N,15,31,29.04,0,PartlyCloudy
644,61.8,57,5,12,N,15,31,29.04,0,PartlyCloudy
674,61.2,57,5,12,N,15,31,29.04,0,PartlyCloudy
668,60.6,57,5,12,N,15,31,29.04,0,PartlyCloudy
713,59.5,57,5,12,N,15,31,29.04,0,PartlyCloudy
657,60.2,57,5,12,N,15,31,29.04,0,PartlyCloudy
714,61.1,57,5,12,N,15,31,29.04,0,PartlyCloudy
734,59.7,57,5,12,N,18,0,29.03,0,fair
653,59.6,57,5,12,N,18,0,29.03,0,fair
680,59.7,57,5,12,N,18,0,29.03,0,fair
692,59.6,57,5,12,N,18,0,29.03,0,fair
678,59.2,57,5,12,N,18,0,29.03,0,fair
654,60.3,57,5,12,N,18,0,29.03,0,fair
653,60.5,57,5,12,N,18,0,29.03,0,fair
737,60,57,5,12,N,18,0,29.03,0,fair
692,59.9,57,5,12,N,18,0,29.03,0,fair
638,58.1,57,5,12,N,18,0,29.03,0,fair
623,46.4,57,5,12,N,18,0,29.03,0,fair
640,41.5,57,5,12,N,18,0,29.03,0,fair
620,41.7,56,6,14,N,16,32,29.04,0,fair
619,45.1,56,6,14,N,16,32,29.04,0,fair
639,48.7,56,6,14,N,16,32,29.04,0,fair
617,45.7,56,6,14,N,16,32,29.04,0,fair
651,40.7,56,6,14,N,16,32,29.04,0,fair
611,37.6,56,6,14,N,16,32,29.04,0,fair
589,33.3,56,6,14,N,16,32,29.04,0,fair
595,32.3,56,6,14,N,16,32,29.04,0,fair
610,30.5,56,6,14,N,16,32,29.04,0,fair
587,28.9,56,6,14,N,16,32,29.04,0,fair
597,28.1,56,6,14,N,16,32,29.04,0,fair
599,28,56,6,14,N,16,32,29.04,0,fair
614,28.4,56,5,0.13,N,20,32,29.05,0,fair
611,28.4,56,5,0.13,N,20,32,29.05,0,fair
636,30,56,5,0.13,N,20,32,29.05,0,fair
635,33.2,56,5,0.13,N,20,32,29.05,0,fair
599,33.6,56,5,0.13,N,20,32,29.05,0,fair
567,30.7,56,5,0.13,N,20,32,29.05,0,fair
583,29.5,56,5,0.13,N,20,32,29.05,0,fair
626,31,56,5,0.13,N,20,32,29.05,0,fair
596,29.5,56,5,0.13,N,20,32,29.05,0,fair
687,32.6,56,5,0.13,N,20,32,29.05,0,fair
636,36.6,56,5,0.13,N,20,32,29.05,0,fair
643,39.3,56,5,0.13,N,20,32,29.05,0,fair
676,47,55,5,13,N,22,32,29.05,0,PartlyCloudy/Windy
633,52.5,55,5,13,N,22,32,29.05,0,PartlyCloudy/Windy
645,44,55,5,13,N,22,32,29.05,0,PartlyCloudy/Windy
442,34,55,5,13,N,22,32,29.05,0,PartlyCloudy/Windy
714,34,55,5,13,N,22,32,29.05,0,PartlyCloudy/Windy
742,36,55,5,13,N,22,32,29.05,0,PartlyCloudy/Windy
642,35.3,55,5,13,N,22,32,29.05,0,PartlyCloudy/Windy
588,32.1,55,5,13,N,22,32,29.05,0,PartlyCloudy/Windy
670,31.7,55,5,13,N,22,32,29.05,0,PartlyCloudy/Windy
627,31,55,5,13,N,22,32,29.05,0,PartlyCloudy/Windy
615,29.7,55,5,13,N,22,32,29.05,0,PartlyCloudy/Windy
662,31.7,55,5,13,N,22,32,29.05,0,PartlyCloudy/Windy
680,35.9,53,4,14,N,18,33,29.06,0,PartlyCloudy
675,43.5,53,4,14,N,18,33,29.06,0,PartlyCloudy
690,50.7,53,4,14,N,18,33,29.06,0,PartlyCloudy
751,55.3,53,4,14,N,18,33,29.06,0,PartlyCloudy
690,57.3,53,4,14,N,18,33,29.06,0,PartlyCloudy
726,57.7,53,4,14,N,18,33,29.06,0,PartlyCloudy
723,57.9,53,4,14,N,18,33,29.06,0,PartlyCloudy
696,58,53,4,14,N,18,33,29.06,0,PartlyCloudy
702,57.8,53,4,14,N,18,33,29.06,0,PartlyCloudy
724,58.9,53,4,14,N,18,33,29.06,0,PartlyCloudy
697,59,53,4,14,N,18,33,29.06,0,PartlyCloudy
668,60.2,53,4,14,N,18,33,29.06,0,PartlyCloudy
666,61.6,49,16,27,NW,9,0,29.1,0,PartlyCloudy
628,61.3,49,16,27,NW,9,0,29.1,0,PartlyCloudy
671,62.2,49,16,27,NW,9,0,29.1,0,PartlyCloudy
674,62.2,49,16,27,NW,9,0,29.1,0,PartlyCloudy
641,61.6,49,16,27,NW,9,0,29.1,0,PartlyCloudy
614,62.5,49,16,27,NW,9,0,29.1,0,PartlyCloudy
661,63,49,16,27,NW,9,0,29.1,0,PartlyCloudy
620,63.5,49,16,27,NW,9,0,29.1,0,PartlyCloudy
588,64.1,49,16,27,NW,9,0,29.1,0,PartlyCloudy
610,63.6,49,16,27,NW,9,0,29.1,0,PartlyCloudy
575,64.9,49,16,27,NW,9,0,29.1,0,PartlyCloudy
623,64.3,49,16,27,NW,9,0,29.1,0,PartlyCloudy
608,64.6,48,13,24,NW,8,0,29.12,0,fair
575,64.7,48,13,24,NW,8,0,29.12,0,fair
529,64.3,48,13,24,NW,8,0,29.12,0,fair
499,65.2,48,13,24,NW,8,0,29.12,0,fair
512,64.7,48,13,24,NW,8,0,29.12,0,fair
493,64.9,48,13,24,NW,8,0,29.12,0,fair
535,64.4,48,13,24,NW,8,0,29.12,0,fair
499,63.4,48,13,24,NW,8,0,29.12,0,fair
512,64.8,48,13,24,NW,8,0,29.12,0,fair
487,64.4,48,13,24,NW,8,0,29.12,0,fair
440,64.9,48,13,24,NW,8,0,29.12,0,fair
472,66.1,48,13,24,NW,8,0,29.12,0,fair
480,65.6,48,11,22,VAR,6,0,29.13,0,fair
486,66.2,48,11,22,VAR,6,0,29.13,0,fair
496,65.8,48,11,22,VAR,6,0,29.13,0,fair
407,65.7,48,11,22,VAR,6,0,29.13,0,fair
420,65.4,48,11,22,VAR,6,0,29.13,0,fair
452,65.1,48,11,22,VAR,6,0,29.13,0,fair
441,66.2,48,11,22,VAR,6,0,29.13,0,fair
469,66.1,48,11,22,VAR,6,0,29.13,0,fair
398,66.3,48,11,22,VAR,6,0,29.13,0,fair
427,66.6,48,11,22,VAR,6,0,29.13,0,fair
375,66.8,48,11,22,VAR,6,0,29.13,0,fair
405,67.1,48,11,22,VAR,6,0,29.13,0,fair
372,67.3,52,-6,9,NE,15,26,29.14,0,fair
387,66.1,52,-6,9,NE,15,26,29.14,0,fair
391,66.6,52,-6,9,NE,15,26,29.14,0,fair
367,66.7,52,-6,9,NE,15,26,29.14,0,fair
379,66.8,52,-6,9,NE,15,26,29.14,0,fair
334,66.8,52,-6,9,NE,15,26,29.14,0,fair
378,65.8,52,-6,9,NE,15,26,29.14,0,fair
334,66.3,52,-6,9,NE,15,26,29.14,0,fair
331,66.8,52,-6,9,NE,15,26,29.14,0,fair
320,66.4,52,-6,9,NE,15,26,29.14,0,fair
318,66.3,52,-6,9,NE,15,26,29.14,0,fair
291,66.9,52,-6,9,NE,15,26,29.14,0,fair
281,64.7,51,-7,9,NNE,12,29,29.17,0,fair
287,66,51,-7,9,NNE,12,29,29.17,0,fair
280,67,51,-7,9,NNE,12,29,29.17,0,fair
258,66.7,51,-7,9,NNE,12,29,29.17,0,fair
260,67,51,-7,9,NNE,12,29,29.17,0,fair
264,67.2,51,-7,9,NNE,12,29,29.17,0,fair
267,66.9,51,-7,9,NNE,12,29,29.17,0,fair
254,67.4,51,-7,9,NNE,12,29,29.17,0,fair
269,67.2,51,-7,9,NNE,12,29,29.17,0,fair
260,67,51,-7,9,NNE,12,29,29.17,0,fair
231,66.3,51,-7,9,NNE,12,29,29.17,0,fair
237,65.1,51,-7,9,NNE,12,29,29.17,0,fair
227,66.5,50,-7,9,NW,8,23,29.18,0,fair
203,66.3,50,-7,9,NW,8,23,29.18,0,fair
231,66.3,50,-7,9,NW,8,23,29.18,0,fair
216,66.9,50,-7,9,NW,8,23,29.18,0,fair
205,66.2,50,-7,9,NW,8,23,29.18,0,fair
219,64.4,50,-7,9,NW,8,23,29.18,0,fair
218,66.1,50,-7,9,NW,8,23,29.18,0,fair
190,66.2,50,-7,9,NW,8,23,29.18,0,fair
187,66.2,50,-7,9,NW,8,23,29.18,0,fair
183,65.8,50,-7,9,NW,8,23,29.18,0,fair
174,66.1,50,-7,9,NW,8,23,29.18,0,fair
182,65.8,50,-7,9,NW,8,23,29.18,0,fair
184,65.8,50,-8,9,NE,10,25,29.19,0,fair
156,65.5,50,-8,9,NE,10,25,29.19,0,fair
159,64.5,50,-8,9,NE,10,25,29.19,0,fair
191,64.9,50,-8,9,NE,10,25,29.19,0,fair
148,65.6,50,-8,9,NE,10,25,29.19,0,fair
147,65.7,50,-8,9,NE,10,25,29.19,0,fair
146,66.1,50,-8,9,NE,10,25,29.19,0,fair
155,66.5,50,-8,9,NE,10,25,29.19,0,fair
163,66.6,50,-8,9,NE,10,25,29.19,0,fair
169,66.7,50,-8,9,NE,10,25,29.19,0,fair
143,66.1,50,-8,9,NE,10,25,29.19,0,fair
161,66,50,-8,9,NE,10,25,29.19,0,fair
150,66.3,49,-8,9,WNW,8,17,29.2,0,fair
150,66,49,-8,9,WNW,8,17,29.2,0,fair
164,66.5,49,-8,9,WNW,8,17,29.2,0,fair
142,65.8,49,-8,9,WNW,8,17,29.2,0,fair
150,65.9,49,-8,9,WNW,8,17,29.2,0,fair
149,65.9,49,-8,9,WNW,8,17,29.2,0,fair
134,66,49,-8,9,WNW,8,17,29.2,0,fair
156,66.1,49,-8,9,WNW,8,17,29.2,0,fair
153,64.9,49,-8,9,WNW,8,17,29.2,0,fair
169,64.7,49,-8,9,WNW,8,17,29.2,0,fair
169,65,49,-8,9,WNW,8,17,29.2,0,fair
154,65.5,49,-8,9,WNW,8,17,29.2,0,fair
147,65.8,49,-10,8,NW,8,17,29.2,0,fair
153,66.4,49,-10,8,NW,8,17,29.2,0,fair
141,66.7,49,-10,8,NW,8,17,29.2,0,fair
185,66,49,-10,8,NW,8,17,29.2,0,fair
158,65.7,49,-10,8,NW,8,17,29.2,0,fair
147,65.6,49,-10,8,NW,8,17,29.2,0,fair
164,65.7,49,-10,8,NW,8,17,29.2,0,fair
180,65.3,49,-10,8,NW,8,17,29.2,0,fair
151,65.5,49,-10,8,NW,8,17,29.2,0,fair
156,65.5,49,-10,8,NW,8,17,29.2,0,fair
162,65.7,49,-10,8,NW,8,17,29.2,0,fair
162,65.7,49,-10,8,NW,8,17,29.2,0,fair
165,66.1,48,-12,8,W,9,0,29.21,0,fair
189,65.7,48,-12,8,W,9,0,29.21,0,fair
160,65.7,48,-12,8,W,9,0,29.21,0,fair
209,65.6,48,-12,8,W,9,0,29.21,0,fair
222,63.4,48,-12,8,W,9,0,29.21,0,fair
233,65.1,48,-12,8,W,9,0,29.21,0,fair
221,66.1,48,-12,8,W,9,0,29.21,0,fair
218,66,48,-12,8,W,9,0,29.21,0,fair
255,65.2,48,-12,8,W,9,0,29.21,0,fair
263,66.6,48,-12,8,W,9,0,29.21,0,fair
245,67,48,-12,8,W,9,0,29.21,0,fair
256,66.3,48,-12,8,W,9,0,29.21,0,fair
277,66.4,49,-14,7,WNW,8,16,29.24,0,fair
317,66.2,49,-14,7,WNW,8,16,29.24,0,fair
371,65.1,49,-14,7,WNW,8,16,29.24,0,fair
388,66.4,49,-14,7,WNW,8,16,29.24,0,fair
432,65.8,49,-14,7,WNW,8,16,29.24,0,fair
455,65.4,49,-14,7,WNW,8,16,29.24,0,fair
468,65,49,-14,7,WNW,8,16,29.24,0,fair
501,66.1,49,-14,7,WNW,8,16,29.24,0,fair
544,65.8,49,-14,7,WNW,8,16,29.24,0,fair
654,65.3,49,-14,7,WNW,8,16,29.24,0,fair
626,65.3,49,-14,7,WNW,8,16,29.24,0,fair
631,65.6,49,-14,7,WNW,8,16,29.24,0,fair
604,64.5,47,-10,9,VAR,3,0,29.26,0,fair
666,64.7,47,-10,9,VAR,3,0,29.26,0,fair
640,64.5,47,-10,9,VAR,3,0,29.26,0,fair
694,63.4,47,-10,9,VAR,3,0,29.26,0,fair
687,63.5,47,-10,9,VAR,3,0,29.26,0,fair
681,63.5,47,-10,9,VAR,3,0,29.26,0,fair
646,63.3,47,-10,9,VAR,3,0,29.26,0,fair
634,63.2,47,-10,9,VAR,3,0,29.26,0,fair
619,64.2,47,-10,9,VAR,3,0,29.26,0,fair
607,64,47,-10,9,VAR,3,0,29.26,0,fair
584,63.3,47,-10,9,VAR,3,0,29.26,0,fair
615,62,47,-10,9,VAR,3,0,29.26,0,fair
596,62.4,49,-7,10,CALM,0,0,29.28,0,fair
612,61.5,49,-7,10,CALM,0,0,29.28,0,fair
623,62.3,49,-7,10,CALM,0,0,29.28,0,fair
637,61.7,49,-7,10,CALM,0,0,29.28,0,fair
613,61.4,49,-7,10,CALM,0,0,29.28,0,fair
611,61.7,49,-7,10,CALM,0,0,29.28,0,fair
639,61.9,49,-7,10,CALM,0,0,29.28,0,fair
617,62.5,49,-7,10,CALM,0,0,29.28,0,fair
666,62.4,49,-7,10,CALM,0,0,29.28,0,fair
597,61.9,49,-7,10,CALM,0,0,29.28,0,fair
630,61.5,49,-7,10,CALM,0,0,29.28,0,fair
625,60.9,49,-7,10,CALM,0,0,29.28,0,fair
607,60.9,50,-6,10,NW,6,0,29.3,0,fair
566,60.1,50,-6,10,NW,6,0,29.3,0,fair
613,55.2,50,-6,10,NW,6,0,29.3,0,fair
600,43,50,-6,10,NW,6,0,29.3,0,fair
569,39.6,50,-6,10,NW,6,0,29.3,0,fair
529,34.8,50,-6,10,NW,6,0,29.3,0,fair
535,32.2,50,-6,10,NW,6,0,29.3,0,fair
504,31.7,50,-6,10,NW,6,0,29.3,0,fair
535,31.6,50,-6,10,NW,6,0,29.3,0,fair
536,32.8,50,-6,10,NW,6,0,29.3,0,fair
493,41.4,50,-6,10,NW,6,0,29.3,0,fair
567,43.6,50,-6,10,NW,6,0,29.3,0,fair
558,52.4,52,-4,10,NE,9,0,29.3,0,fair
558,57.6,52,-4,10,NE,9,0,29.3,0,fair
529,59.2,52,-4,10,NE,9,0,29.3,0,fair
580,61.3,52,-4,10,NE,9,0,29.3,0,fair
566,61.9,52,-4,10,NE,9,0,29.3,0,fair
583,61.2,52,-4,10,NE,9,0,29.3,0,fair
625,61.6,52,-4,10,NE,9,0,29.3,0,fair
647,61.1,52,-4,10,NE,9,0,29.3,0,fair
652,60.1,52,-4,10,NE,9,0,29.3,0,fair
628,60.6,52,-4,10,NE,9,0,29.3,0,fair
636,60.7,52,-4,10,NE,9,0,29.3,0,fair
639,60.3,52,-4,10,NE,9,0,29.3,0,fair
659,60,55,-9,7,ENE,13,0,29.3,0,fair
648,60.6,55,-9,7,ENE,13,0,29.3,0,fair
595,60.4,55,-9,7,ENE,13,0,29.3,0,fair
637,60.6,55,-9,7,ENE,13,0,29.3,0,fair
694,60.3,55,-9,7,ENE,13,0,29.3,0,fair
683,59.9,55,-9,7,ENE,13,0,29.3,0,fair
668,61,55,-9,7,ENE,13,0,29.3,0,fair
665,60.4,55,-9,7,ENE,13,0,29.3,0,fair
653,60.4,55,-9,7,ENE,13,0,29.3,0,fair
698,59.2,55,-9,7,ENE,13,0,29.3,0,fair
714,58.7,55,-9,7,ENE,13,0,29.3,0,fair
719,59.4,55,-9,7,ENE,13,0,29.3,0,fair
723,58.9,57,-12,6,E,12,20,29.28,0,fair
683,59.1,57,-12,6,E,12,20,29.28,0,fair
718,57.8,57,-12,6,E,12,20,29.28,0,fair
678,58.6,57,-12,6,E,12,20,29.28,0,fair
